Query_Index,Query_Instance,Query_Category,Query_Distance,Query_Rotation,Query_Lighting,Matched_Category,Matched_Index,NN_Distance,Correct
1,Bubbly16,Bubbly,0,0,0,Bubbly,4,0.007891776850763914,True
1,Bubbly16,Bubbly,0,0,0,Bubbly,8,0.007994257134259806,True
1,Bubbly16,Bubbly,0,0,0,Bubbly,6,0.008118466938792604,True
1,Bubbly16,Bubbly,0,0,0,Bubbly,3,0.008294603987600785,True
1,Bubbly16,Bubbly,0,0,0,Bubbly,1,0.008320421267252829,True
2,Bubbly16,Bubbly,0,108,0,Bubbly,4,0.0075691549042345525,True
2,Bubbly16,Bubbly,0,108,0,Bubbly,8,0.007768587766846698,True
2,Bubbly16,Bubbly,0,108,0,Bubbly,6,0.007876753433770194,True
2,Bubbly16,Bubbly,0,108,0,Bubbly,3,0.007938193732673557,True
2,Bubbly16,Bubbly,0,108,0,Bubbly,1,0.008081008399417137,True
3,Bubbly16,Bubbly,0,144,0,Bubbly,6,0.008341613971517482,True
3,Bubbly16,Bubbly,0,144,0,Bubbly,4,0.008342680095578862,True
3,Bubbly16,Bubbly,0,144,0,Bubbly,8,0.008457962408680238,True
3,Bubbly16,Bubbly,0,144,0,Bubbly,3,0.00847288863080954,True
3,Bubbly16,Bubbly,0,144,0,Bubbly,7,0.008758316488332007,True
4,Bubbly16,Bubbly,0,180,0,Bubbly,4,0.0073728251427134465,True
4,Bubbly16,Bubbly,0,180,0,Bubbly,8,0.007505469299395013,True
4,Bubbly16,Bubbly,0,180,0,Bubbly,3,0.007783932569795576,True
4,Bubbly16,Bubbly,0,180,0,Bubbly,6,0.007789190947985478,True
4,Bubbly16,Bubbly,0,180,0,Bubbly,2,0.007992178965570744,True
5,Bubbly16,Bubbly,0,216,0,Bubbly,4,0.007763680114749184,True
5,Bubbly16,Bubbly,0,216,0,Bubbly,8,0.00794467115912453,True
5,Bubbly16,Bubbly,0,216,0,Bubbly,6,0.008086909034664231,True
5,Bubbly16,Bubbly,0,216,0,Bubbly,7,0.008183724627009456,True
5,Bubbly16,Bubbly,0,216,0,Bubbly,2,0.008204559072022919,True
6,Bubbly16,Bubbly,0,252,0,Bubbly,8,0.0075567846893277585,True
6,Bubbly16,Bubbly,0,252,0,Bubbly,4,0.007889532858452486,True
6,Bubbly16,Bubbly,0,252,0,Bubbly,6,0.007901358264250546,True
6,Bubbly16,Bubbly,0,252,0,Bubbly,2,0.00805787994541951,True
6,Bubbly16,Bubbly,0,252,0,Bubbly,7,0.008186725757716829,True
7,Bubbly16,Bubbly,0,288,0,Bubbly,5,0.007214766558559748,True
7,Bubbly16,Bubbly,0,288,0,Bubbly,8,0.007322971624193538,True
7,Bubbly16,Bubbly,0,288,0,Bubbly,4,0.007543182645464961,True
7,Bubbly16,Bubbly,0,288,0,Bubbly,6,0.007655333255585445,True
7,Bubbly16,Bubbly,0,288,0,Bubbly,2,0.007735651094887742,True
8,Bubbly16,Bubbly,0,324,0,Bubbly,5,0.008411254486652347,True
8,Bubbly16,Bubbly,0,324,0,Bubbly,8,0.008552445557932305,True
8,Bubbly16,Bubbly,0,324,0,Bubbly,4,0.008683032723693062,True
8,Bubbly16,Bubbly,0,324,0,Bubbly,2,0.00870354441164996,True
8,Bubbly16,Bubbly,0,324,0,Bubbly,7,0.008983819547012231,True
9,Bubbly16,Bubbly,0,36,0,Bubbly,5,0.0075138730381893466,True
9,Bubbly16,Bubbly,0,36,0,Bubbly,8,0.007645546190012698,True
9,Bubbly16,Bubbly,0,36,0,Bubbly,4,0.007657643001161989,True
9,Bubbly16,Bubbly,0,36,0,Bubbly,7,0.007840020183851814,True
9,Bubbly16,Bubbly,0,36,0,Bubbly,2,0.008005747966757385,True
10,Bubbly16,Bubbly,0,72,0,Bubbly,5,0.00741760015090544,True
10,Bubbly16,Bubbly,0,72,0,Bubbly,7,0.007820512931930994,True
10,Bubbly16,Bubbly,0,72,0,Bubbly,4,0.007853361443460275,True
10,Bubbly16,Bubbly,0,72,0,Bubbly,2,0.007977857674615958,True
10,Bubbly16,Bubbly,0,72,0,Bubbly,8,0.00812718190054484,True
11,Chequered12,Chequered,0,0,0,Chequered,12,0.009403533891365168,True
11,Chequered12,Chequered,0,0,0,Chequered,16,0.05300688080048083,True
11,Chequered12,Chequered,0,0,0,Chequered,11,0.053491356996485696,True
11,Chequered12,Chequered,0,0,0,Chequered,17,0.05741306250203431,True
11,Chequered12,Chequered,0,0,0,Chequered,13,0.05743458781524268,True
12,Chequered12,Chequered,0,108,0,Chequered,15,0.0064142183089737435,True
12,Chequered12,Chequered,0,108,0,Chequered,14,0.01727231960587788,True
12,Chequered12,Chequered,0,108,0,Chequered,18,0.017277900602242238,True
12,Chequered12,Chequered,0,108,0,Chequered,16,0.04000678175438949,True
12,Chequered12,Chequered,0,108,0,Chequered,11,0.04029328619224216,True
13,Chequered12,Chequered,0,144,0,Chequered,16,0.008156759045166658,True
13,Chequered12,Chequered,0,144,0,Chequered,17,0.03507130328538373,True
13,Chequered12,Chequered,0,144,0,Chequered,13,0.03521816090300889,True
13,Chequered12,Chequered,0,144,0,Chequered,11,0.05498622157275003,True
13,Chequered12,Chequered,0,144,0,Chequered,15,0.055422161677433066,True
14,Chequered12,Chequered,0,180,0,Chequered,10,0.0099645895766658,True
14,Chequered12,Chequered,0,180,0,Chequered,16,0.0534200762982896,True
14,Chequered12,Chequered,0,180,0,Chequered,12,0.05384036922013327,True
14,Chequered12,Chequered,0,180,0,Chequered,17,0.057562710617264395,True
14,Chequered12,Chequered,0,180,0,Chequered,13,0.05768291301901822,True
15,Chequered12,Chequered,0,216,0,Chequered,17,0.008511837742385002,True
15,Chequered12,Chequered,0,216,0,Chequered,16,0.03232603616484697,True
15,Chequered12,Chequered,0,216,0,Chequered,12,0.0325938437267408,True
15,Chequered12,Chequered,0,216,0,Honeycombed,66,0.05434413487895873,False
15,Chequered12,Chequered,0,216,0,Chequered,14,0.054428419374250664,True
16,Chequered12,Chequered,0,252,0,Chequered,18,0.006291762515479183,True
16,Chequered12,Chequered,0,252,0,Chequered,15,0.01702740957262547,True
16,Chequered12,Chequered,0,252,0,Chequered,11,0.01736749540248373,True
16,Chequered12,Chequered,0,252,0,Chequered,14,0.039505014326399,True
16,Chequered12,Chequered,0,252,0,Chequered,17,0.03974766490217086,True
17,Chequered12,Chequered,0,288,0,Chequered,11,0.0065106339096748225,True
17,Chequered12,Chequered,0,288,0,Chequered,15,0.017195064286761916,True
17,Chequered12,Chequered,0,288,0,Chequered,18,0.01724603610882268,True
17,Chequered12,Chequered,0,288,0,Chequered,16,0.03974231599040424,True
17,Chequered12,Chequered,0,288,0,Chequered,12,0.04001540607334838,True
18,Chequered12,Chequered,0,324,0,Chequered,12,0.008107681689205415,True
18,Chequered12,Chequered,0,324,0,Chequered,17,0.03501262811629641,True
18,Chequered12,Chequered,0,324,0,Chequered,14,0.03514613811895839,True
18,Chequered12,Chequered,0,324,0,Chequered,11,0.0550874301851058,True
18,Chequered12,Chequered,0,324,0,Chequered,16,0.055515753876797636,True
19,Chequered12,Chequered,0,36,0,Chequered,14,0.008895947102466835,True
19,Chequered12,Chequered,0,36,0,Chequered,17,0.03299490977635636,True
19,Chequered12,Chequered,0,36,0,Chequered,12,0.0332170719944368,True
19,Chequered12,Chequered,0,36,0,Chequered,15,0.05445239621716924,True
19,Chequered12,Chequered,0,36,0,Honeycombed,66,0.05461190093789189,False
20,Chequered12,Chequered,0,72,0,Chequered,15,0.0059239283222048645,True
20,Chequered12,Chequered,0,72,0,Chequered,16,0.01640675854469477,True
20,Chequered12,Chequered,0,72,0,Chequered,11,0.0168117378390674,True
20,Chequered12,Chequered,0,72,0,Chequered,14,0.039984798085044806,True
20,Chequered12,Chequered,0,72,0,Chequered,18,0.04006621452933722,True
21,Cracked14,Cracked,0,0,0,Crosshatched,39,0.02078612114393773,False
21,Cracked14,Cracked,0,0,0,Flecked,42,0.02086339286361446,False
21,Cracked14,Cracked,0,0,0,Flecked,47,0.021466570259910365,False
21,Cracked14,Cracked,0,0,0,Flecked,40,0.021640344346158698,False
21,Cracked14,Cracked,0,0,0,Sprinkled,153,0.021703438064936242,False
22,Cracked14,Cracked,0,108,0,Crosshatched,39,0.021117134684073446,False
22,Cracked14,Cracked,0,108,0,Flecked,42,0.02119024683271377,False
22,Cracked14,Cracked,0,108,0,Flecked,47,0.02157087729235661,False
22,Cracked14,Cracked,0,108,0,Flecked,40,0.021805275983379297,False
22,Cracked14,Cracked,0,108,0,Flecked,43,0.021825535159520047,False
23,Cracked14,Cracked,0,144,0,Crosshatched,39,0.01956115603853888,False
23,Cracked14,Cracked,0,144,0,Flecked,42,0.01968919436870164,False
23,Cracked14,Cracked,0,144,0,Flecked,47,0.019989294205893668,False
23,Cracked14,Cracked,0,144,0,Flecked,43,0.020219163588429553,False
23,Cracked14,Cracked,0,144,0,Flecked,40,0.020326494814666744,False
24,Cracked14,Cracked,0,180,0,Crosshatched,39,0.02011518390987501,False
24,Cracked14,Cracked,0,180,0,Flecked,42,0.02020679345425224,False
24,Cracked14,Cracked,0,180,0,Flecked,47,0.020719825821509635,False
24,Cracked14,Cracked,0,180,0,Flecked,40,0.020829019144407667,False
24,Cracked14,Cracked,0,180,0,Flecked,43,0.020952350822938625,False
25,Cracked14,Cracked,0,216,0,Crosshatched,39,0.020461391819110643,False
25,Cracked14,Cracked,0,216,0,Flecked,42,0.02052766689356269,False
25,Cracked14,Cracked,0,216,0,Flecked,47,0.021063762747730724,False
25,Cracked14,Cracked,0,216,0,Flecked,40,0.021237786425503495,False
25,Cracked14,Cracked,0,216,0,Flecked,43,0.02130057659860555,False
26,Cracked14,Cracked,0,252,0,Crosshatched,39,0.019707542799700488,False
26,Cracked14,Cracked,0,252,0,Flecked,42,0.01985159604949778,False
26,Cracked14,Cracked,0,252,0,Flecked,47,0.020181711059579555,False
26,Cracked14,Cracked,0,252,0,Flecked,43,0.02038472494683984,False
26,Cracked14,Cracked,0,252,0,Flecked,40,0.020421293459172454,False
27,Cracked14,Cracked,0,288,0,Crosshatched,39,0.020726774160401147,False
27,Cracked14,Cracked,0,288,0,Flecked,42,0.02081416247280241,False
27,Cracked14,Cracked,0,288,0,Flecked,47,0.021400747442947635,False
27,Cracked14,Cracked,0,288,0,Flecked,40,0.021605519217946727,False
27,Cracked14,Cracked,0,288,0,Flecked,43,0.021663404002542574,False
28,Cracked14,Cracked,0,324,0,Crosshatched,39,0.019498736593087162,False
28,Cracked14,Cracked,0,324,0,Flecked,42,0.01960291926842541,False
28,Cracked14,Cracked,0,324,0,Flecked,47,0.019918724895462245,False
28,Cracked14,Cracked,0,324,0,Flecked,43,0.020162307225688333,False
28,Cracked14,Cracked,0,324,0,Flecked,40,0.020292260342694674,False
29,Cracked14,Cracked,0,36,0,Crosshatched,39,0.020378271624373702,False
29,Cracked14,Cracked,0,36,0,Flecked,42,0.02049689316663504,False
29,Cracked14,Cracked,0,36,0,Flecked,47,0.02096251212306686,False
29,Cracked14,Cracked,0,36,0,Flecked,40,0.021119392448552515,False
29,Cracked14,Cracked,0,36,0,Flecked,43,0.02124059507418358,False
30,Cracked14,Cracked,0,72,0,Crosshatched,39,0.020003343927377758,False
30,Cracked14,Cracked,0,72,0,Flecked,42,0.020122054837887288,False
30,Cracked14,Cracked,0,72,0,Flecked,47,0.020660947659709897,False
30,Cracked14,Cracked,0,72,0,Flecked,40,0.020831977840001785,False
30,Cracked14,Cracked,0,72,0,Flecked,43,0.02090786181883881,False
31,Crosshatched11,Crosshatched,0,0,0,Pitted,126,0.007638005588373176,False
31,Crosshatched11,Crosshatched,0,0,0,Pitted,121,0.0077923423501370815,False
31,Crosshatched11,Crosshatched,0,0,0,Pitted,123,0.007820355629537864,False
31,Crosshatched11,Crosshatched,0,0,0,Pitted,127,0.008040865866831098,False
31,Crosshatched11,Crosshatched,0,0,0,Pitted,128,0.008861939994086963,False
32,Crosshatched11,Crosshatched,0,108,0,Pitted,120,0.005070074247570417,False
32,Crosshatched11,Crosshatched,0,108,0,Pitted,128,0.005084078757297743,False
32,Crosshatched11,Crosshatched,0,108,0,Pitted,125,0.005108931841809359,False
32,Crosshatched11,Crosshatched,0,108,0,Pitted,124,0.005168403246307575,False
32,Crosshatched11,Crosshatched,0,108,0,Pitted,121,0.005316798815598888,False
33,Crosshatched11,Crosshatched,0,144,0,Pitted,125,0.0020031507865587816,False
33,Crosshatched11,Crosshatched,0,144,0,Pitted,120,0.002056146696547795,False
33,Crosshatched11,Crosshatched,0,144,0,Pitted,124,0.0020861512233115386,False
33,Crosshatched11,Crosshatched,0,144,0,Pitted,128,0.0022375734582791296,False
33,Crosshatched11,Crosshatched,0,144,0,Pitted,123,0.0024484342864010563,False
34,Crosshatched11,Crosshatched,0,180,0,Pitted,126,0.008192542334325767,False
34,Crosshatched11,Crosshatched,0,180,0,Pitted,121,0.00833794637150867,False
34,Crosshatched11,Crosshatched,0,180,0,Pitted,123,0.008430574136129323,False
34,Crosshatched11,Crosshatched,0,180,0,Pitted,127,0.008669391276634773,False
34,Crosshatched11,Crosshatched,0,180,0,Pitted,128,0.009450714236254489,False
35,Crosshatched11,Crosshatched,0,216,0,Pitted,120,0.0024711629225343335,False
35,Crosshatched11,Crosshatched,0,216,0,Pitted,128,0.0024753781298444103,False
35,Crosshatched11,Crosshatched,0,216,0,Pitted,124,0.0025214103865365306,False
35,Crosshatched11,Crosshatched,0,216,0,Pitted,125,0.0025298961783575143,False
35,Crosshatched11,Crosshatched,0,216,0,Pitted,123,0.002734186787176987,False
36,Crosshatched11,Crosshatched,0,252,0,Pitted,120,0.004804949129849131,False
36,Crosshatched11,Crosshatched,0,252,0,Pitted,125,0.004860407644349722,False
36,Crosshatched11,Crosshatched,0,252,0,Pitted,128,0.005085706977626184,False
36,Crosshatched11,Crosshatched,0,252,0,Pitted,124,0.005125155347372261,False
36,Crosshatched11,Crosshatched,0,252,0,Pitted,127,0.005137128933259462,False
37,Crosshatched11,Crosshatched,0,288,0,Pitted,128,0.005327793237151844,False
37,Crosshatched11,Crosshatched,0,288,0,Pitted,120,0.0054179082373862104,False
37,Crosshatched11,Crosshatched,0,288,0,Pitted,124,0.005444262195571804,False
37,Crosshatched11,Crosshatched,0,288,0,Pitted,125,0.00553786884306838,False
37,Crosshatched11,Crosshatched,0,288,0,Pitted,121,0.005672143642544811,False
38,Crosshatched11,Crosshatched,0,324,0,Pitted,125,0.0019396328593953049,False
38,Crosshatched11,Crosshatched,0,324,0,Pitted,120,0.0020521805353079063,False
38,Crosshatched11,Crosshatched,0,324,0,Pitted,124,0.0020713898394995435,False
38,Crosshatched11,Crosshatched,0,324,0,Pitted,128,0.0022603536702065583,False
38,Crosshatched11,Crosshatched,0,324,0,Pitted,127,0.002378045344790674,False
39,Crosshatched11,Crosshatched,0,36,0,Pitted,124,0.002528016877832423,False
39,Crosshatched11,Crosshatched,0,36,0,Pitted,128,0.0026589770193014605,False
39,Crosshatched11,Crosshatched,0,36,0,Pitted,125,0.0026590797230089326,False
39,Crosshatched11,Crosshatched,0,36,0,Pitted,120,0.002754457495016742,False
39,Crosshatched11,Crosshatched,0,36,0,Pitted,123,0.0030507189191845124,False
40,Crosshatched11,Crosshatched,0,72,0,Pitted,120,0.004104555399002924,False
40,Crosshatched11,Crosshatched,0,72,0,Pitted,125,0.004185218080523034,False
40,Crosshatched11,Crosshatched,0,72,0,Pitted,123,0.004435458949795157,False
40,Crosshatched11,Crosshatched,0,72,0,Pitted,127,0.004477566368090987,False
40,Crosshatched11,Crosshatched,0,72,0,Pitted,126,0.004578528330426662,False
41,Flecked10,Flecked,0,0,0,Flecked,47,0.0037251879938800686,True
41,Flecked10,Flecked,0,0,0,Flecked,43,0.0037305326237641327,True
41,Flecked10,Flecked,0,0,0,Flecked,40,0.0037811950885263423,True
41,Flecked10,Flecked,0,0,0,Flecked,44,0.003939537471964521,True
41,Flecked10,Flecked,0,0,0,Flecked,48,0.00398632514973883,True
42,Flecked10,Flecked,0,108,0,Flecked,43,0.0034822912336768255,True
42,Flecked10,Flecked,0,108,0,Flecked,47,0.003542634020281809,True
42,Flecked10,Flecked,0,108,0,Flecked,45,0.003573429854339969,True
42,Flecked10,Flecked,0,108,0,Flecked,44,0.003626060533978551,True
42,Flecked10,Flecked,0,108,0,Flecked,48,0.003684394101136553,True
43,Flecked10,Flecked,0,144,0,Flecked,43,0.0037015953980251834,True
43,Flecked10,Flecked,0,144,0,Flecked,41,0.0037410677286378547,True
43,Flecked10,Flecked,0,144,0,Flecked,47,0.0037642434081279798,True
43,Flecked10,Flecked,0,144,0,Flecked,46,0.003795188972447287,True
43,Flecked10,Flecked,0,144,0,Flecked,44,0.00382600575097498,True
44,Flecked10,Flecked,0,180,0,Flecked,41,0.0040052598434092545,True
44,Flecked10,Flecked,0,180,0,Flecked,47,0.004011755497318879,True
44,Flecked10,Flecked,0,180,0,Flecked,43,0.004023755351339966,True
44,Flecked10,Flecked,0,180,0,Flecked,44,0.004166029757957563,True
44,Flecked10,Flecked,0,180,0,Flecked,48,0.0042019885998606935,True
45,Flecked10,Flecked,0,216,0,Flecked,47,0.003618862682613841,True
45,Flecked10,Flecked,0,216,0,Flecked,44,0.003824774432618463,True
45,Flecked10,Flecked,0,216,0,Flecked,41,0.003860614975311443,True
45,Flecked10,Flecked,0,216,0,Flecked,48,0.003916007085520893,True
45,Flecked10,Flecked,0,216,0,Flecked,45,0.003987950605175194,True
46,Flecked10,Flecked,0,252,0,Flecked,41,0.003417416103656372,True
46,Flecked10,Flecked,0,252,0,Flecked,44,0.0034484417524309526,True
46,Flecked10,Flecked,0,252,0,Flecked,48,0.0034576271217979897,True
46,Flecked10,Flecked,0,252,0,Flecked,47,0.0035100235826962343,True
46,Flecked10,Flecked,0,252,0,Flecked,45,0.0036771159562090966,True
47,Flecked10,Flecked,0,288,0,Flecked,41,0.003493033884115782,True
47,Flecked10,Flecked,0,288,0,Flecked,44,0.0036263204999368824,True
47,Flecked10,Flecked,0,288,0,Flecked,47,0.0037307706199226996,True
47,Flecked10,Flecked,0,288,0,Flecked,45,0.003759152502912045,True
47,Flecked10,Flecked,0,288,0,Flecked,48,0.003859548698250573,True
48,Flecked10,Flecked,0,324,0,Flecked,44,0.003444111453104471,True
48,Flecked10,Flecked,0,324,0,Flecked,41,0.0034506725745429385,True
48,Flecked10,Flecked,0,324,0,Flecked,47,0.0035038775401680985,True
48,Flecked10,Flecked,0,324,0,Flecked,42,0.0035651222825535444,True
48,Flecked10,Flecked,0,324,0,Flecked,46,0.0035814617142641554,True
49,Flecked10,Flecked,0,36,0,Flecked,44,0.0032748705541140338,True
49,Flecked10,Flecked,0,36,0,Flecked,45,0.003622932221381471,True
49,Flecked10,Flecked,0,36,0,Flecked,41,0.003640941999360861,True
49,Flecked10,Flecked,0,36,0,Flecked,48,0.003726927724387168,True
49,Flecked10,Flecked,0,36,0,Flecked,46,0.003832080572862626,True
50,Flecked10,Flecked,0,72,0,Flecked,45,0.0034089587442507705,True
50,Flecked10,Flecked,0,72,0,Flecked,41,0.0034468853005212843,True
50,Flecked10,Flecked,0,72,0,Flecked,44,0.00347650887086156,True
50,Flecked10,Flecked,0,72,0,Flecked,48,0.0035622197598734794,True
50,Flecked10,Flecked,0,72,0,Flecked,46,0.0036571730626989776,True
51,Frilly38,Frilly,0,0,0,Scaly,140,0.005544063949249503,False
51,Frilly38,Frilly,0,0,0,Scaly,145,0.0055517316868445715,False
51,Frilly38,Frilly,0,0,0,Scaly,147,0.005567251412094928,False
51,Frilly38,Frilly,0,0,0,Scaly,143,0.005604976040142724,False
51,Frilly38,Frilly,0,0,0,Scaly,144,0.005848772589163836,False
52,Frilly38,Frilly,0,108,0,Frilly,56,0.00556791446600357,True
52,Frilly38,Frilly,0,108,0,Frilly,51,0.005679165496420529,True
52,Frilly38,Frilly,0,108,0,Frilly,53,0.005800315762606879,True
52,Frilly38,Frilly,0,108,0,Frilly,57,0.0058051336278082625,True
52,Frilly38,Frilly,0,108,0,Frilly,55,0.006083429695646944,True
53,Frilly38,Frilly,0,144,0,Frilly,56,0.005222901842642564,True
53,Frilly38,Frilly,0,144,0,Frilly,57,0.005763321237344516,True
53,Frilly38,Frilly,0,144,0,Frilly,53,0.005795059637861501,True
53,Frilly38,Frilly,0,144,0,Frilly,52,0.006128696988544967,True
53,Frilly38,Frilly,0,144,0,Frilly,50,0.006154354885699827,True
54,Frilly38,Frilly,0,180,0,Scaly,140,0.0049397851849246974,False
54,Frilly38,Frilly,0,180,0,Scaly,145,0.004941343837161534,False
54,Frilly38,Frilly,0,180,0,Scaly,143,0.005052667742791587,False
54,Frilly38,Frilly,0,180,0,Scaly,147,0.005079028132758191,False
54,Frilly38,Frilly,0,180,0,Scaly,144,0.005356152258079575,False
55,Frilly38,Frilly,0,216,0,Knitted,74,0.006005284237937848,False
55,Frilly38,Frilly,0,216,0,Knitted,78,0.006011263993316654,False
55,Frilly38,Frilly,0,216,0,Frilly,56,0.006109568961170784,True
55,Frilly38,Frilly,0,216,0,Frilly,52,0.006154657990861424,True
55,Frilly38,Frilly,0,216,0,Knitted,71,0.0062473636183197415,False
56,Frilly38,Frilly,0,252,0,Knitted,74,0.006036430027657453,False
56,Frilly38,Frilly,0,252,0,Knitted,78,0.0060507940158948115,False
56,Frilly38,Frilly,0,252,0,Frilly,56,0.00608077435142472,True
56,Frilly38,Frilly,0,252,0,Frilly,52,0.006217629343154592,True
56,Frilly38,Frilly,0,252,0,Knitted,71,0.006439236578512397,False
57,Frilly38,Frilly,0,288,0,Frilly,56,0.005871792784622964,True
57,Frilly38,Frilly,0,288,0,Frilly,52,0.00597301591887562,True
57,Frilly38,Frilly,0,288,0,Knitted,74,0.006178167571054646,False
57,Frilly38,Frilly,0,288,0,Knitted,78,0.006190901359403093,False
57,Frilly38,Frilly,0,288,0,Frilly,54,0.006271617022804041,True
58,Frilly38,Frilly,0,324,0,Frilly,52,0.005964318963496592,True
58,Frilly38,Frilly,0,324,0,Knitted,74,0.005986428554144606,False
58,Frilly38,Frilly,0,324,0,Knitted,78,0.005988286087794073,False
58,Frilly38,Frilly,0,324,0,Knitted,71,0.006227615372353973,False
58,Frilly38,Frilly,0,324,0,Knitted,76,0.006238056087718463,False
59,Frilly38,Frilly,0,36,0,Frilly,57,0.0057576894722683025,True
59,Frilly38,Frilly,0,36,0,Frilly,52,0.005815439840430818,True
59,Frilly38,Frilly,0,36,0,Frilly,54,0.0058928254443493915,True
59,Frilly38,Frilly,0,36,0,Knitted,78,0.0061803862536499495,False
59,Frilly38,Frilly,0,36,0,Knitted,74,0.006180988807128812,False
60,Frilly38,Frilly,0,72,0,Frilly,57,0.005438525159893086,True
60,Frilly38,Frilly,0,72,0,Frilly,52,0.005551446106296632,True
60,Frilly38,Frilly,0,72,0,Frilly,58,0.005718885115385781,True
60,Frilly38,Frilly,0,72,0,Frilly,54,0.005784503014037271,True
60,Frilly38,Frilly,0,72,0,Frilly,55,0.005996950706309659,True
61,Honeycombed36,Honeycombed,0,0,0,Honeycombed,62,0.005084659850686282,True
61,Honeycombed36,Honeycombed,0,0,0,Honeycombed,61,0.0059178967296648725,True
61,Honeycombed36,Honeycombed,0,0,0,Honeycombed,66,0.005928684550487982,True
61,Honeycombed36,Honeycombed,0,0,0,Honeycombed,63,0.006197177326960768,True
61,Honeycombed36,Honeycombed,0,0,0,Honeycombed,67,0.006282312549602044,True
62,Honeycombed36,Honeycombed,0,108,0,Honeycombed,65,0.004746996463522986,True
62,Honeycombed36,Honeycombed,0,108,0,Honeycombed,64,0.005392458504580892,True
62,Honeycombed36,Honeycombed,0,108,0,Honeycombed,68,0.005450238442556213,True
62,Honeycombed36,Honeycombed,0,108,0,Honeycombed,61,0.005654338483447135,True
62,Honeycombed36,Honeycombed,0,108,0,Honeycombed,66,0.005691480926623892,True
63,Honeycombed36,Honeycombed,0,144,0,Honeycombed,66,0.0039581635236838,True
63,Honeycombed36,Honeycombed,0,144,0,Honeycombed,62,0.005939148495603825,True
63,Honeycombed36,Honeycombed,0,144,0,Honeycombed,65,0.006217151606118661,True
63,Honeycombed36,Honeycombed,0,144,0,Honeycombed,61,0.006234127336403071,True
63,Honeycombed36,Honeycombed,0,144,0,Honeycombed,60,0.00658518025480144,True
64,Honeycombed36,Honeycombed,0,180,0,Honeycombed,62,0.005805695269573378,True
64,Honeycombed36,Honeycombed,0,180,0,Honeycombed,66,0.005854099543499726,True
64,Honeycombed36,Honeycombed,0,180,0,Honeycombed,60,0.005860505557777235,True
64,Honeycombed36,Honeycombed,0,180,0,Honeycombed,63,0.006424744057811722,True
64,Honeycombed36,Honeycombed,0,180,0,Honeycombed,67,0.006473729235381281,True
65,Honeycombed36,Honeycombed,0,216,0,Honeycombed,67,0.00404613210641884,True
65,Honeycombed36,Honeycombed,0,216,0,Honeycombed,64,0.005460893437573496,True
65,Honeycombed36,Honeycombed,0,216,0,Honeycombed,68,0.0055140270403800165,True
65,Honeycombed36,Honeycombed,0,216,0,Honeycombed,63,0.005931930084381977,True
65,Honeycombed36,Honeycombed,0,216,0,Honeycombed,62,0.006535780655641808,True
66,Honeycombed36,Honeycombed,0,252,0,Honeycombed,68,0.004785077561399045,True
66,Honeycombed36,Honeycombed,0,252,0,Honeycombed,61,0.006271140728127457,True
66,Honeycombed36,Honeycombed,0,252,0,Honeycombed,65,0.0063094353387659115,True
66,Honeycombed36,Honeycombed,0,252,0,Honeycombed,64,0.006358401891809069,True
66,Honeycombed36,Honeycombed,0,252,0,Honeycombed,67,0.0064999173608287966,True
67,Honeycombed36,Honeycombed,0,288,0,Honeycombed,61,0.004751605759726943,True
67,Honeycombed36,Honeycombed,0,288,0,Honeycombed,65,0.005540810368377022,True
67,Honeycombed36,Honeycombed,0,288,0,Honeycombed,68,0.00560429945558776,True
67,Honeycombed36,Honeycombed,0,288,0,Honeycombed,62,0.005886609535362236,True
67,Honeycombed36,Honeycombed,0,288,0,Honeycombed,66,0.005932161125135893,True
68,Honeycombed36,Honeycombed,0,324,0,Honeycombed,62,0.004058613102990586,True
68,Honeycombed36,Honeycombed,0,324,0,Honeycombed,63,0.0060815166220761115,True
68,Honeycombed36,Honeycombed,0,324,0,Honeycombed,61,0.00612325779305731,True
68,Honeycombed36,Honeycombed,0,324,0,Honeycombed,66,0.006144627250087368,True
68,Honeycombed36,Honeycombed,0,324,0,Honeycombed,60,0.006633346976739235,True
69,Honeycombed36,Honeycombed,0,36,0,Honeycombed,64,0.004220571416265602,True
69,Honeycombed36,Honeycombed,0,36,0,Honeycombed,65,0.005712176580342255,True
69,Honeycombed36,Honeycombed,0,36,0,Honeycombed,68,0.005737628768032836,True
69,Honeycombed36,Honeycombed,0,36,0,Honeycombed,63,0.006119233804634235,True
69,Honeycombed36,Honeycombed,0,36,0,Honeycombed,62,0.006596422820927568,True
70,Honeycombed36,Honeycombed,0,72,0,Honeycombed,65,0.004096871056870711,True
70,Honeycombed36,Honeycombed,0,72,0,Honeycombed,61,0.005628284435765686,True
70,Honeycombed36,Honeycombed,0,72,0,Honeycombed,66,0.005664574670313059,True
70,Honeycombed36,Honeycombed,0,72,0,Honeycombed,64,0.00570060699944667,True
70,Honeycombed36,Honeycombed,0,72,0,Honeycombed,68,0.005839351384969708,True
71,Knitted23,Knitted,0,0,0,Knitted,72,0.0018086944426758513,True
71,Knitted23,Knitted,0,0,0,Knitted,78,0.0019558691153473426,True
71,Knitted23,Knitted,0,0,0,Knitted,71,0.001962629541683171,True
71,Knitted23,Knitted,0,0,0,Knitted,77,0.0019683658399929174,True
71,Knitted23,Knitted,0,0,0,Knitted,76,0.001973620347402721,True
72,Knitted23,Knitted,0,108,0,Knitted,76,0.001394194728192731,True
72,Knitted23,Knitted,0,108,0,Knitted,71,0.0014204838865309647,True
72,Knitted23,Knitted,0,108,0,Knitted,78,0.0015533577395375855,True
72,Knitted23,Knitted,0,108,0,Knitted,74,0.0015652788562194537,True
72,Knitted23,Knitted,0,108,0,Knitted,75,0.0016010084927273428,True
73,Knitted23,Knitted,0,144,0,Knitted,76,0.0013697225352228414,True
73,Knitted23,Knitted,0,144,0,Knitted,78,0.0016687323351734168,True
73,Knitted23,Knitted,0,144,0,Knitted,74,0.001688235308933578,True
73,Knitted23,Knitted,0,144,0,Knitted,77,0.0019105885330600704,True
73,Knitted23,Knitted,0,144,0,Knitted,73,0.0019328250170939946,True
74,Knitted23,Knitted,0,180,0,Knitted,70,0.001957321525842436,True
74,Knitted23,Knitted,0,180,0,Knitted,72,0.002170323431710729,True
74,Knitted23,Knitted,0,180,0,Knitted,76,0.002186280622322877,True
74,Knitted23,Knitted,0,180,0,Knitted,74,0.0022175464715085864,True
74,Knitted23,Knitted,0,180,0,Knitted,78,0.0022371133006768326,True
75,Knitted23,Knitted,0,216,0,Knitted,78,0.001318164992385339,True
75,Knitted23,Knitted,0,216,0,Knitted,74,0.0013297773673442608,True
75,Knitted23,Knitted,0,216,0,Knitted,77,0.0013504996084964908,True
75,Knitted23,Knitted,0,216,0,Knitted,76,0.0013952706382832653,True
75,Knitted23,Knitted,0,216,0,Knitted,72,0.0014229027711354374,True
76,Knitted23,Knitted,0,252,0,Knitted,78,0.001481675157517574,True
76,Knitted23,Knitted,0,252,0,Knitted,72,0.001705146627628864,True
76,Knitted23,Knitted,0,252,0,Knitted,76,0.0017151987628591385,True
76,Knitted23,Knitted,0,252,0,Knitted,77,0.001831750141549186,True
76,Knitted23,Knitted,0,252,0,Knitted,74,0.0018637100728004278,True
77,Knitted23,Knitted,0,288,0,Knitted,72,0.0015830405729018388,True
77,Knitted23,Knitted,0,288,0,Knitted,76,0.001614867079395187,True
77,Knitted23,Knitted,0,288,0,Knitted,75,0.001624477922983287,True
77,Knitted23,Knitted,0,288,0,Knitted,78,0.001631639239672334,True
77,Knitted23,Knitted,0,288,0,Knitted,71,0.0018038843339468285,True
78,Knitted23,Knitted,0,324,0,Knitted,72,0.0013824340972503416,True
78,Knitted23,Knitted,0,324,0,Knitted,78,0.0016058850705043823,True
78,Knitted23,Knitted,0,324,0,Knitted,75,0.0016284553555484715,True
78,Knitted23,Knitted,0,324,0,Knitted,77,0.0017173215541382196,True
78,Knitted23,Knitted,0,324,0,Knitted,74,0.0017440998512884773,True
79,Knitted23,Knitted,0,36,0,Knitted,74,0.0015212903319873304,True
79,Knitted23,Knitted,0,36,0,Knitted,78,0.0015987599087666036,True
79,Knitted23,Knitted,0,36,0,Knitted,75,0.0016067816762582385,True
79,Knitted23,Knitted,0,36,0,Knitted,72,0.0016326166909535734,True
79,Knitted23,Knitted,0,36,0,Knitted,77,0.0016366440554033638,True
80,Knitted23,Knitted,0,72,0,Knitted,75,0.0014784657580293372,True
80,Knitted23,Knitted,0,72,0,Knitted,72,0.0017138826647447834,True
80,Knitted23,Knitted,0,72,0,Knitted,77,0.0017207219212677393,True
80,Knitted23,Knitted,0,72,0,Knitted,78,0.0017660093235939928,True
80,Knitted23,Knitted,0,72,0,Knitted,74,0.0017893992767594484,True
81,Lacelike36,Lacelike,0,0,0,Lacelike,82,0.0014143280264082591,True
81,Lacelike36,Lacelike,0,0,0,Lacelike,84,0.0028984986738913076,True
81,Lacelike36,Lacelike,0,0,0,Lacelike,88,0.0029055758854112457,True
81,Lacelike36,Lacelike,0,0,0,Lacelike,80,0.002989889376294416,True
81,Lacelike36,Lacelike,0,0,0,Lacelike,85,0.002997538549448689,True
82,Lacelike36,Lacelike,0,108,0,Lacelike,85,0.0014615857362460863,True
82,Lacelike36,Lacelike,0,108,0,Lacelike,88,0.002070673221422686,True
82,Lacelike36,Lacelike,0,108,0,Lacelike,84,0.002089091621462639,True
82,Lacelike36,Lacelike,0,108,0,Lacelike,81,0.002161838896174582,True
82,Lacelike36,Lacelike,0,108,0,Lacelike,82,0.002187257415474395,True
83,Lacelike36,Lacelike,0,144,0,Lacelike,86,0.0015536174899219316,True
83,Lacelike36,Lacelike,0,144,0,Lacelike,80,0.002333730454267402,True
83,Lacelike36,Lacelike,0,144,0,Lacelike,82,0.0023456869816154014,True
83,Lacelike36,Lacelike,0,144,0,Lacelike,81,0.0023506355834559977,True
83,Lacelike36,Lacelike,0,144,0,Lacelike,85,0.0023539002057369647,True
84,Lacelike36,Lacelike,0,180,0,Lacelike,80,0.0015787015719784308,True
84,Lacelike36,Lacelike,0,180,0,Lacelike,84,0.003084757882129598,True
84,Lacelike36,Lacelike,0,180,0,Lacelike,88,0.0030941664571786124,True
84,Lacelike36,Lacelike,0,180,0,Lacelike,81,0.0032897383995259192,True
84,Lacelike36,Lacelike,0,180,0,Lacelike,85,0.0033006103566262856,True
85,Lacelike36,Lacelike,0,216,0,Lacelike,87,0.0015522020363742263,True
85,Lacelike36,Lacelike,0,216,0,Lacelike,82,0.0021551591560598745,True
85,Lacelike36,Lacelike,0,216,0,Lacelike,86,0.002176948571328263,True
85,Lacelike36,Lacelike,0,216,0,Lacelike,88,0.0022498885773692802,True
85,Lacelike36,Lacelike,0,216,0,Lacelike,84,0.002256743137236656,True
86,Lacelike36,Lacelike,0,252,0,Lacelike,88,0.0013996189485322218,True
86,Lacelike36,Lacelike,0,252,0,Lacelike,81,0.0024811382426413358,True
86,Lacelike36,Lacelike,0,252,0,Lacelike,85,0.0025087456841533205,True
86,Lacelike36,Lacelike,0,252,0,Lacelike,80,0.0025244066551012518,True
86,Lacelike36,Lacelike,0,252,0,Lacelike,83,0.0025384961726547407,True
87,Lacelike36,Lacelike,0,288,0,Lacelike,81,0.0013457061783515721,True
87,Lacelike36,Lacelike,0,288,0,Lacelike,88,0.002010435941220402,True
87,Lacelike36,Lacelike,0,288,0,Lacelike,80,0.0020264913955056483,True
87,Lacelike36,Lacelike,0,288,0,Lacelike,85,0.0020443605005740248,True
87,Lacelike36,Lacelike,0,288,0,Lacelike,83,0.002062366129338399,True
88,Lacelike36,Lacelike,0,324,0,Lacelike,82,0.0014536522446175811,True
88,Lacelike36,Lacelike,0,324,0,Lacelike,81,0.0021364353840294427,True
88,Lacelike36,Lacelike,0,324,0,Lacelike,86,0.0021432057000957605,True
88,Lacelike36,Lacelike,0,324,0,Lacelike,80,0.0022277778408034284,True
88,Lacelike36,Lacelike,0,324,0,Lacelike,83,0.002230305804192607,True
89,Lacelike36,Lacelike,0,36,0,Lacelike,84,0.0015968829119512285,True
89,Lacelike36,Lacelike,0,36,0,Lacelike,85,0.0022488989971054273,True
89,Lacelike36,Lacelike,0,36,0,Lacelike,88,0.0022651303590595978,True
89,Lacelike36,Lacelike,0,36,0,Lacelike,82,0.0023422345183881144,True
89,Lacelike36,Lacelike,0,36,0,Lacelike,87,0.0023452746961178488,True
90,Lacelike36,Lacelike,0,72,0,Lacelike,85,0.0014605562491676349,True
90,Lacelike36,Lacelike,0,72,0,Lacelike,80,0.002431869680328152,True
90,Lacelike36,Lacelike,0,72,0,Lacelike,81,0.0024402972005660283,True
90,Lacelike36,Lacelike,0,72,0,Lacelike,83,0.002442272222925753,True
90,Lacelike36,Lacelike,0,72,0,Lacelike,86,0.0024646258870760314,True
91,Marbled5,Marbled,0,0,0,Pitted,120,0.0015640360380271413,False
91,Marbled5,Marbled,0,0,0,Pitted,125,0.0015824767582732244,False
91,Marbled5,Marbled,0,0,0,Pitted,124,0.001602245992246459,False
91,Marbled5,Marbled,0,0,0,Pitted,128,0.0016355602730684098,False
91,Marbled5,Marbled,0,0,0,Pitted,123,0.001922628404931521,False
92,Marbled5,Marbled,0,108,0,Pitted,125,0.0016048538878339525,False
92,Marbled5,Marbled,0,108,0,Pitted,120,0.0016290792195474658,False
92,Marbled5,Marbled,0,108,0,Pitted,124,0.0016548831211876769,False
92,Marbled5,Marbled,0,108,0,Pitted,128,0.0016887323981054005,False
92,Marbled5,Marbled,0,108,0,Pitted,123,0.0020741060146705426,False
93,Marbled5,Marbled,0,144,0,Pitted,125,0.0018033777495207615,False
93,Marbled5,Marbled,0,144,0,Pitted,120,0.0018092779271655169,False
93,Marbled5,Marbled,0,144,0,Pitted,124,0.0018807049737161422,False
93,Marbled5,Marbled,0,144,0,Pitted,128,0.0019678012112998326,False
93,Marbled5,Marbled,0,144,0,Pitted,123,0.002058153964579179,False
94,Marbled5,Marbled,0,180,0,Pitted,125,0.0018457152837691446,False
94,Marbled5,Marbled,0,180,0,Pitted,124,0.0018966214155975145,False
94,Marbled5,Marbled,0,180,0,Pitted,120,0.0019255924565554907,False
94,Marbled5,Marbled,0,180,0,Pitted,128,0.001933125732305692,False
94,Marbled5,Marbled,0,180,0,Pitted,123,0.002231189761732092,False
95,Marbled5,Marbled,0,216,0,Pitted,125,0.0015315201040572812,False
95,Marbled5,Marbled,0,216,0,Pitted,120,0.0015945450784025685,False
95,Marbled5,Marbled,0,216,0,Pitted,124,0.0016299428326360449,False
95,Marbled5,Marbled,0,216,0,Pitted,128,0.0016828068519280153,False
95,Marbled5,Marbled,0,216,0,Pitted,123,0.001996196136194218,False
96,Marbled5,Marbled,0,252,0,Pitted,124,0.0016468386277406293,False
96,Marbled5,Marbled,0,252,0,Pitted,125,0.00166680013835339,False
96,Marbled5,Marbled,0,252,0,Pitted,120,0.001672995594675139,False
96,Marbled5,Marbled,0,252,0,Pitted,128,0.0017058031300613314,False
96,Marbled5,Marbled,0,252,0,Pitted,123,0.0020378588952228785,False
97,Marbled5,Marbled,0,288,0,Pitted,125,0.0015579168398518316,False
97,Marbled5,Marbled,0,288,0,Pitted,124,0.0016397077698410332,False
97,Marbled5,Marbled,0,288,0,Pitted,120,0.0016743673133332686,False
97,Marbled5,Marbled,0,288,0,Pitted,128,0.001756154335780419,False
97,Marbled5,Marbled,0,288,0,Pitted,127,0.0019676912143296345,False
98,Marbled5,Marbled,0,324,0,Pitted,124,0.002191765774474626,False
98,Marbled5,Marbled,0,324,0,Pitted,125,0.002195079229613776,False
98,Marbled5,Marbled,0,324,0,Pitted,128,0.0022025930213909147,False
98,Marbled5,Marbled,0,324,0,Pitted,120,0.002255604196395756,False
98,Marbled5,Marbled,0,324,0,Pitted,123,0.002549526237164126,False
99,Marbled5,Marbled,0,36,0,Pitted,125,0.0022394088856663545,False
99,Marbled5,Marbled,0,36,0,Pitted,124,0.002294620588852297,False
99,Marbled5,Marbled,0,36,0,Pitted,120,0.002311945836989416,False
99,Marbled5,Marbled,0,36,0,Pitted,128,0.0023625848742379867,False
99,Marbled5,Marbled,0,36,0,Pitted,123,0.0025050147669067858,False
100,Marbled5,Marbled,0,72,0,Pitted,125,0.0021377893806552085,False
100,Marbled5,Marbled,0,72,0,Pitted,124,0.0021992457680575024,False
100,Marbled5,Marbled,0,72,0,Pitted,120,0.0022431784473203945,False
100,Marbled5,Marbled,0,72,0,Pitted,128,0.002272955313676949,False
100,Marbled5,Marbled,0,72,0,Pitted,123,0.002533326590520398,False
101,Matted12,Matted,0,0,0,Matted,108,0.0014336072031679841,True
101,Matted12,Matted,0,0,0,Matted,104,0.0014347962685572638,True
101,Matted12,Matted,0,0,0,Matted,103,0.0015046764284820738,True
101,Matted12,Matted,0,0,0,Matted,107,0.0015308163088305184,True
101,Matted12,Matted,0,0,0,Matted,105,0.0015904716941588938,True
102,Matted12,Matted,0,108,0,Matted,105,0.0019181310087957365,True
102,Matted12,Matted,0,108,0,Matted,108,0.0019299728723525204,True
102,Matted12,Matted,0,108,0,Matted,104,0.0019368971426932627,True
102,Matted12,Matted,0,108,0,Matted,107,0.0019743747046023765,True
102,Matted12,Matted,0,108,0,Matted,103,0.001976247772615543,True
103,Matted12,Matted,0,144,0,Matted,108,0.0017151959260170496,True
103,Matted12,Matted,0,144,0,Matted,101,0.0017162302603732497,True
103,Matted12,Matted,0,144,0,Matted,105,0.0017164978981147818,True
103,Matted12,Matted,0,144,0,Matted,104,0.0017233828138896864,True
103,Matted12,Matted,0,144,0,Matted,106,0.0017303777653652935,True
104,Matted12,Matted,0,180,0,Matted,105,0.0014842386366510935,True
104,Matted12,Matted,0,180,0,Matted,101,0.0014925810793444572,True
104,Matted12,Matted,0,180,0,Matted,104,0.0014928945119923375,True
104,Matted12,Matted,0,180,0,Matted,108,0.0014977103791237263,True
104,Matted12,Matted,0,180,0,Matted,102,0.0016095634798851941,True
105,Matted12,Matted,0,216,0,Matted,107,0.0016765896289515168,True
105,Matted12,Matted,0,216,0,Matted,108,0.0017376961442309214,True
105,Matted12,Matted,0,216,0,Matted,104,0.0017584425975805088,True
105,Matted12,Matted,0,216,0,Matted,101,0.0017591854094711563,True
105,Matted12,Matted,0,216,0,Matted,105,0.0017735189281571052,True
106,Matted12,Matted,0,252,0,Matted,108,0.0020110367157021823,True
106,Matted12,Matted,0,252,0,Matted,105,0.002113789612337014,True
106,Matted12,Matted,0,252,0,Matted,101,0.002116090455301495,True
106,Matted12,Matted,0,252,0,Matted,104,0.0021235389286227585,True
106,Matted12,Matted,0,252,0,Matted,107,0.002146229086275827,True
107,Matted12,Matted,0,288,0,Matted,101,0.0017565033550103661,True
107,Matted12,Matted,0,288,0,Matted,108,0.0017859393211823527,True
107,Matted12,Matted,0,288,0,Matted,105,0.0017970495972947185,True
107,Matted12,Matted,0,288,0,Matted,104,0.001818228971421912,True
107,Matted12,Matted,0,288,0,Matted,107,0.001830746917442863,True
108,Matted12,Matted,0,324,0,Matted,101,0.001672611730518235,True
108,Matted12,Matted,0,324,0,Matted,106,0.001689638998572717,True
108,Matted12,Matted,0,324,0,Matted,104,0.0017992808106740835,True
108,Matted12,Matted,0,324,0,Matted,107,0.0018171746620898827,True
108,Matted12,Matted,0,324,0,Matted,102,0.0018297966088130697,True
109,Matted12,Matted,0,36,0,Matted,104,0.0015883980390127964,True
109,Matted12,Matted,0,36,0,Matted,108,0.0017059992653914791,True
109,Matted12,Matted,0,36,0,Matted,105,0.0017097268708990998,True
109,Matted12,Matted,0,36,0,Matted,106,0.0018012501251885155,True
109,Matted12,Matted,0,36,0,Matted,101,0.001808041601882043,True
110,Matted12,Matted,0,72,0,Matted,105,0.0016201892833400033,True
110,Matted12,Matted,0,72,0,Matted,104,0.001790128149666665,True
110,Matted12,Matted,0,72,0,Matted,108,0.0018082624624311777,True
110,Matted12,Matted,0,72,0,Matted,101,0.0018656652637382247,True
110,Matted12,Matted,0,72,0,Matted,106,0.0018757129641064543,True
111,Meshed16,Meshed,0,0,0,Meshed,112,0.011862257873198468,True
111,Meshed16,Meshed,0,0,0,Meshed,111,0.01883901225844211,True
111,Meshed16,Meshed,0,0,0,Meshed,116,0.01927178340221252,True
111,Meshed16,Meshed,0,0,0,Meshed,117,0.019403725743014334,True
111,Meshed16,Meshed,0,0,0,Meshed,113,0.01950655479225709,True
112,Meshed16,Meshed,0,108,0,Meshed,115,0.008593789730248573,True
112,Meshed16,Meshed,0,108,0,Meshed,114,0.013313399546309257,True
112,Meshed16,Meshed,0,108,0,Meshed,118,0.013562996718824058,True
112,Meshed16,Meshed,0,108,0,Meshed,116,0.02286443303425688,True
112,Meshed16,Meshed,0,108,0,Meshed,111,0.023033313693652264,True
113,Meshed16,Meshed,0,144,0,Meshed,116,0.006605836667871438,True
113,Meshed16,Meshed,0,144,0,Meshed,113,0.017449731107520926,True
113,Meshed16,Meshed,0,144,0,Meshed,117,0.017691459008440255,True
113,Meshed16,Meshed,0,144,0,Meshed,112,0.023566844801359895,True
113,Meshed16,Meshed,0,144,0,Meshed,110,0.023886441217757244,True
114,Meshed16,Meshed,0,180,0,Meshed,110,0.011143440936482037,True
114,Meshed16,Meshed,0,180,0,Meshed,112,0.018754701323880386,True
114,Meshed16,Meshed,0,180,0,Meshed,116,0.0191496630782466,True
114,Meshed16,Meshed,0,180,0,Meshed,117,0.019353393425041002,True
114,Meshed16,Meshed,0,180,0,Meshed,113,0.019408011830723458,True
115,Meshed16,Meshed,0,216,0,Meshed,117,0.0061070527762367675,True
115,Meshed16,Meshed,0,216,0,Meshed,112,0.016679234820019134,True
115,Meshed16,Meshed,0,216,0,Meshed,116,0.016762630585540693,True
115,Meshed16,Meshed,0,216,0,Honeycombed,67,0.020753274931391105,False
115,Meshed16,Meshed,0,216,0,Honeycombed,62,0.020763817313227562,False
116,Meshed16,Meshed,0,252,0,Meshed,118,0.008469199993445286,True
116,Meshed16,Meshed,0,252,0,Meshed,111,0.013641606048996094,True
116,Meshed16,Meshed,0,252,0,Meshed,115,0.013896751757124246,True
116,Meshed16,Meshed,0,252,0,Meshed,114,0.019379359994453917,True
116,Meshed16,Meshed,0,252,0,Meshed,117,0.01976858310388413,True
117,Meshed16,Meshed,0,288,0,Meshed,111,0.008263845263210026,True
117,Meshed16,Meshed,0,288,0,Meshed,115,0.013466155785483375,True
117,Meshed16,Meshed,0,288,0,Meshed,118,0.013670653209079803,True
117,Meshed16,Meshed,0,288,0,Meshed,116,0.022250484456800595,True
117,Meshed16,Meshed,0,288,0,Meshed,112,0.022487685586631376,True
118,Meshed16,Meshed,0,324,0,Meshed,112,0.0062529054507796875,True
118,Meshed16,Meshed,0,324,0,Meshed,114,0.017246234841325418,True
118,Meshed16,Meshed,0,324,0,Meshed,117,0.01748200342111124,True
118,Meshed16,Meshed,0,324,0,Meshed,113,0.023395834772964197,True
118,Meshed16,Meshed,0,324,0,Meshed,110,0.023693035757097355,True
119,Meshed16,Meshed,0,36,0,Meshed,114,0.006544350666929953,True
119,Meshed16,Meshed,0,36,0,Meshed,112,0.01691952965193371,True
119,Meshed16,Meshed,0,36,0,Meshed,117,0.017003972505494305,True
119,Meshed16,Meshed,0,36,0,Honeycombed,67,0.02155264077202777,False
119,Meshed16,Meshed,0,36,0,Honeycombed,62,0.021575860271582745,False
120,Meshed16,Meshed,0,72,0,Meshed,115,0.00763688017081839,True
120,Meshed16,Meshed,0,72,0,Meshed,111,0.0131026745380042,True
120,Meshed16,Meshed,0,72,0,Meshed,116,0.013320411507738843,True
120,Meshed16,Meshed,0,72,0,Meshed,114,0.019194330733308968,True
120,Meshed16,Meshed,0,72,0,Meshed,118,0.019533834720588776,True
121,Pitted23,Pitted,0,0,0,Pitted,120,0.0020644760601541603,True
121,Pitted23,Pitted,0,0,0,Pitted,125,0.0020690683848123077,True
121,Pitted23,Pitted,0,0,0,Pitted,123,0.0024173966247195314,True
121,Pitted23,Pitted,0,0,0,Pitted,124,0.0024202764924186803,True
121,Pitted23,Pitted,0,0,0,Pitted,127,0.0024741323085157568,True
122,Pitted23,Pitted,0,108,0,Matted,104,0.0027291466794234836,False
122,Pitted23,Pitted,0,108,0,Matted,107,0.002775340053695116,False
122,Pitted23,Pitted,0,108,0,Matted,108,0.002782110247701716,False
122,Pitted23,Pitted,0,108,0,Matted,102,0.002824815540471014,False
122,Pitted23,Pitted,0,108,0,Matted,105,0.0029776415251297145,False
123,Pitted23,Pitted,0,144,0,Matted,104,0.002953544519798458,False
123,Pitted23,Pitted,0,144,0,Pitted,126,0.0029872172094781444,True
123,Pitted23,Pitted,0,144,0,Matted,108,0.0030002602244197456,False
123,Pitted23,Pitted,0,144,0,Pitted,123,0.0030966358191167717,True
123,Pitted23,Pitted,0,144,0,Matted,107,0.003101517501504784,False
124,Pitted23,Pitted,0,180,0,Pitted,121,0.0019098721051322076,True
124,Pitted23,Pitted,0,180,0,Pitted,125,0.0019612924720331195,True
124,Pitted23,Pitted,0,180,0,Pitted,124,0.0022853113085209223,True
124,Pitted23,Pitted,0,180,0,Pitted,123,0.0022952385137917346,True
124,Pitted23,Pitted,0,180,0,Pitted,128,0.002315784047171135,True
125,Pitted23,Pitted,0,216,0,Pitted,127,0.0025791865739858183,True
125,Pitted23,Pitted,0,216,0,Pitted,126,0.0027111418695491417,True
125,Pitted23,Pitted,0,216,0,Matted,104,0.0027318588660806145,False
125,Pitted23,Pitted,0,216,0,Matted,108,0.0027721411833874733,False
125,Pitted23,Pitted,0,216,0,Matted,107,0.00278563117920752,False
126,Pitted23,Pitted,0,252,0,Matted,107,0.002775554691318542,False
126,Pitted23,Pitted,0,252,0,Matted,104,0.002808460530807356,False
126,Pitted23,Pitted,0,252,0,Matted,102,0.0028282424311280733,False
126,Pitted23,Pitted,0,252,0,Matted,108,0.0028531456653427293,False
126,Pitted23,Pitted,0,252,0,Pitted,125,0.0029197242111596933,True
127,Pitted23,Pitted,0,288,0,Matted,104,0.0028626452474471526,False
127,Pitted23,Pitted,0,288,0,Matted,108,0.0029099171780568823,False
127,Pitted23,Pitted,0,288,0,Matted,107,0.002979593239702822,False
127,Pitted23,Pitted,0,288,0,Matted,102,0.0030224571354338396,False
127,Pitted23,Pitted,0,288,0,Matted,105,0.0031101482183118244,False
128,Pitted23,Pitted,0,324,0,Matted,104,0.0026572322867149346,False
128,Pitted23,Pitted,0,324,0,Matted,108,0.00271401242036388,False
128,Pitted23,Pitted,0,324,0,Pitted,122,0.002794996532760623,True
128,Pitted23,Pitted,0,324,0,Matted,107,0.0029193099041102564,False
128,Pitted23,Pitted,0,324,0,Pitted,124,0.0029382032592995037,True
129,Pitted23,Pitted,0,36,0,Matted,104,0.002696848171030071,False
129,Pitted23,Pitted,0,36,0,Pitted,124,0.002718108928598708,True
129,Pitted23,Pitted,0,36,0,Matted,108,0.002764209573096868,False
129,Pitted23,Pitted,0,36,0,Matted,107,0.0028873727880135533,False
129,Pitted23,Pitted,0,36,0,Matted,102,0.002929168091691325,False
130,Pitted23,Pitted,0,72,0,Matted,104,0.0030045772120060026,False
130,Pitted23,Pitted,0,72,0,Pitted,126,0.003025913330997637,True
130,Pitted23,Pitted,0,72,0,Pitted,121,0.0030396804956573514,True
130,Pitted23,Pitted,0,72,0,Matted,107,0.003046520906834896,False
130,Pitted23,Pitted,0,72,0,Matted,108,0.0030494198001282304,False
131,Porous13,Porous,0,0,0,Porous,131,0.0012293067490362847,True
131,Porous13,Porous,0,0,0,Porous,136,0.0012405083885552557,True
131,Porous13,Porous,0,0,0,Porous,133,0.0012558653488302937,True
131,Porous13,Porous,0,0,0,Porous,134,0.0013087533632940049,True
131,Porous13,Porous,0,0,0,Porous,138,0.0013286852876610842,True
132,Porous13,Porous,0,108,0,Porous,135,0.0011878864559349185,True
132,Porous13,Porous,0,108,0,Porous,131,0.0012827796620500796,True
132,Porous13,Porous,0,108,0,Porous,136,0.0013332258595833751,True
132,Porous13,Porous,0,108,0,Porous,133,0.0013850844079356384,True
132,Porous13,Porous,0,108,0,Porous,138,0.0014037821639189152,True
133,Porous13,Porous,0,144,0,Porous,136,0.0011933751034052284,True
133,Porous13,Porous,0,144,0,Porous,135,0.0015384998399475994,True
133,Porous13,Porous,0,144,0,Porous,131,0.0015434406516590929,True
133,Porous13,Porous,0,144,0,Porous,134,0.0015445938642849669,True
133,Porous13,Porous,0,144,0,Porous,138,0.0016026778269292827,True
134,Porous13,Porous,0,180,0,Porous,133,0.0012602908441013993,True
134,Porous13,Porous,0,180,0,Porous,137,0.0013267582952633684,True
134,Porous13,Porous,0,180,0,Porous,136,0.0013378733846725684,True
134,Porous13,Porous,0,180,0,Porous,132,0.001357029275547704,True
134,Porous13,Porous,0,180,0,Porous,134,0.0013607524952887267,True
135,Porous13,Porous,0,216,0,Porous,137,0.001226020659835067,True
135,Porous13,Porous,0,216,0,Porous,131,0.0015419159611880016,True
135,Porous13,Porous,0,216,0,Porous,138,0.0015850297687867525,True
135,Porous13,Porous,0,216,0,Porous,134,0.0015987357154829988,True
135,Porous13,Porous,0,216,0,Porous,135,0.0016189441328816074,True
136,Porous13,Porous,0,252,0,Porous,138,0.0009493137304810216,True
136,Porous13,Porous,0,252,0,Porous,134,0.0012412046404503703,True
136,Porous13,Porous,0,252,0,Porous,131,0.001247833039637959,True
136,Porous13,Porous,0,252,0,Porous,137,0.0012491703441677893,True
136,Porous13,Porous,0,252,0,Porous,132,0.001253581122173812,True
137,Porous13,Porous,0,288,0,Porous,131,0.001195352556021661,True
137,Porous13,Porous,0,288,0,Porous,134,0.0014144067125431994,True
137,Porous13,Porous,0,288,0,Porous,136,0.0014167232008928166,True
137,Porous13,Porous,0,288,0,Porous,132,0.0014185028267361367,True
137,Porous13,Porous,0,288,0,Porous,138,0.001462458462432217,True
138,Porous13,Porous,0,324,0,Porous,132,0.0011103468852080246,True
138,Porous13,Porous,0,324,0,Porous,135,0.0014712800735844052,True
138,Porous13,Porous,0,324,0,Porous,131,0.0014802887585726866,True
138,Porous13,Porous,0,324,0,Porous,136,0.0014814157705561664,True
138,Porous13,Porous,0,324,0,Porous,138,0.0014952538216383973,True
139,Porous13,Porous,0,36,0,Porous,134,0.0012009849490568557,True
139,Porous13,Porous,0,36,0,Porous,131,0.0015378403366579794,True
139,Porous13,Porous,0,36,0,Porous,136,0.001577719217191147,True
139,Porous13,Porous,0,36,0,Porous,137,0.0016408169386741248,True
139,Porous13,Porous,0,36,0,Porous,138,0.00164972437386793,True
140,Porous13,Porous,0,72,0,Porous,135,0.0011198367378048879,True
140,Porous13,Porous,0,72,0,Porous,137,0.0013385285190329053,True
140,Porous13,Porous,0,72,0,Porous,131,0.001364274054708279,True
140,Porous13,Porous,0,72,0,Porous,134,0.0013769475234185894,True
140,Porous13,Porous,0,72,0,Porous,136,0.001378803605780507,True
141,Scaly26,Scaly,0,0,0,Scaly,141,0.0011553366623580869,True
141,Scaly26,Scaly,0,0,0,Scaly,146,0.0011667959953681095,True
141,Scaly26,Scaly,0,0,0,Scaly,143,0.0012290273430308376,True
141,Scaly26,Scaly,0,0,0,Scaly,145,0.001267873133882998,True
141,Scaly26,Scaly,0,0,0,Scaly,140,0.001267977866307214,True
142,Scaly26,Scaly,0,108,0,Scaly,145,0.0012896405740226618,True
142,Scaly26,Scaly,0,108,0,Scaly,146,0.0014353272504653131,True
142,Scaly26,Scaly,0,108,0,Scaly,148,0.001444597682912134,True
142,Scaly26,Scaly,0,108,0,Scaly,143,0.0014593600103958945,True
142,Scaly26,Scaly,0,108,0,Scaly,141,0.0014811169935285084,True
143,Scaly26,Scaly,0,144,0,Scaly,146,0.0010255708181813603,True
143,Scaly26,Scaly,0,144,0,Scaly,141,0.0011962065420102988,True
143,Scaly26,Scaly,0,144,0,Scaly,143,0.00129213970334346,True
143,Scaly26,Scaly,0,144,0,Scaly,145,0.0013216021679779615,True
143,Scaly26,Scaly,0,144,0,Scaly,147,0.001341394447038166,True
144,Scaly26,Scaly,0,180,0,Scaly,145,0.0011388841905350994,True
144,Scaly26,Scaly,0,180,0,Scaly,146,0.0011450600633015554,True
144,Scaly26,Scaly,0,180,0,Scaly,143,0.0011789782809456268,True
144,Scaly26,Scaly,0,180,0,Scaly,142,0.001199650536836733,True
144,Scaly26,Scaly,0,180,0,Scaly,141,0.0012096111992118627,True
145,Scaly26,Scaly,0,216,0,Scaly,147,0.0012510930225929718,True
145,Scaly26,Scaly,0,216,0,Scaly,146,0.0013008669234921778,True
145,Scaly26,Scaly,0,216,0,Scaly,141,0.001305377888621749,True
145,Scaly26,Scaly,0,216,0,Scaly,142,0.0013516540498093694,True
145,Scaly26,Scaly,0,216,0,Scaly,145,0.001359438199618665,True
146,Scaly26,Scaly,0,252,0,Scaly,141,0.0011259331185036667,True
146,Scaly26,Scaly,0,252,0,Scaly,148,0.0011361685851363375,True
146,Scaly26,Scaly,0,252,0,Scaly,144,0.0011441071622976902,True
146,Scaly26,Scaly,0,252,0,Scaly,145,0.0011528430539024287,True
146,Scaly26,Scaly,0,252,0,Scaly,147,0.0011583477572826243,True
147,Scaly26,Scaly,0,288,0,Scaly,141,0.0010311647977036017,True
147,Scaly26,Scaly,0,288,0,Scaly,147,0.0012114192213240724,True
147,Scaly26,Scaly,0,288,0,Scaly,146,0.0012398791667079766,True
147,Scaly26,Scaly,0,288,0,Scaly,144,0.0012420988381154636,True
147,Scaly26,Scaly,0,288,0,Scaly,148,0.0012871654875549132,True
148,Scaly26,Scaly,0,324,0,Scaly,142,0.0011122635669291517,True
148,Scaly26,Scaly,0,324,0,Scaly,144,0.0011215033912578857,True
148,Scaly26,Scaly,0,324,0,Scaly,148,0.001123362220750922,True
148,Scaly26,Scaly,0,324,0,Scaly,147,0.001184921016931395,True
148,Scaly26,Scaly,0,324,0,Scaly,141,0.0011870676915026871,True
149,Scaly26,Scaly,0,36,0,Scaly,144,0.0009184093786012565,True
149,Scaly26,Scaly,0,36,0,Scaly,146,0.001086079838819583,True
149,Scaly26,Scaly,0,36,0,Scaly,141,0.0011322286618087967,True
149,Scaly26,Scaly,0,36,0,Scaly,142,0.0011843382893829018,True
149,Scaly26,Scaly,0,36,0,Scaly,147,0.0012068819082613163,True
150,Scaly26,Scaly,0,72,0,Scaly,144,0.0010638919594296767,True
150,Scaly26,Scaly,0,72,0,Scaly,146,0.0010825194322374087,True
150,Scaly26,Scaly,0,72,0,Scaly,141,0.0011030987021415596,True
150,Scaly26,Scaly,0,72,0,Scaly,148,0.0011087978299176367,True
150,Scaly26,Scaly,0,72,0,Scaly,145,0.0011565655715046834,True
151,Sprinkled17,Sprinkled,0,0,0,Sprinkled,152,0.011200202313168052,True
151,Sprinkled17,Sprinkled,0,0,0,Swirly,166,0.013088633710957883,False
151,Sprinkled17,Sprinkled,0,0,0,Swirly,161,0.013122160684049177,False
151,Sprinkled17,Sprinkled,0,0,0,Swirly,168,0.013974716088363433,False
151,Sprinkled17,Sprinkled,0,0,0,Swirly,164,0.014044597887236492,False
152,Sprinkled17,Sprinkled,0,108,0,Swirly,167,0.010712781064332523,False
152,Sprinkled17,Sprinkled,0,108,0,Swirly,163,0.010923306848116997,False
152,Sprinkled17,Sprinkled,0,108,0,Swirly,168,0.01096997928701481,False
152,Sprinkled17,Sprinkled,0,108,0,Swirly,166,0.011121744866186918,False
152,Sprinkled17,Sprinkled,0,108,0,Swirly,164,0.01115324560941329,False
153,Sprinkled17,Sprinkled,0,144,0,Swirly,166,0.00911727919607794,False
153,Sprinkled17,Sprinkled,0,144,0,Swirly,161,0.009189268875438309,False
153,Sprinkled17,Sprinkled,0,144,0,Swirly,168,0.009644327017999756,False
153,Sprinkled17,Sprinkled,0,144,0,Swirly,164,0.009787707872663743,False
153,Sprinkled17,Sprinkled,0,144,0,Swirly,167,0.009849151359935,False
154,Sprinkled17,Sprinkled,0,180,0,Swirly,166,0.011986579222361113,False
154,Sprinkled17,Sprinkled,0,180,0,Swirly,161,0.012062813361359826,False
154,Sprinkled17,Sprinkled,0,180,0,Sprinkled,150,0.012484654239356432,True
154,Sprinkled17,Sprinkled,0,180,0,Swirly,168,0.01285309267190586,False
154,Sprinkled17,Sprinkled,0,180,0,Swirly,160,0.012953560984046202,False
155,Sprinkled17,Sprinkled,0,216,0,Swirly,166,0.009142019170927688,False
155,Sprinkled17,Sprinkled,0,216,0,Swirly,161,0.00914984737426446,False
155,Sprinkled17,Sprinkled,0,216,0,Swirly,168,0.009528996092359424,False
155,Sprinkled17,Sprinkled,0,216,0,Swirly,167,0.009748281215050808,False
155,Sprinkled17,Sprinkled,0,216,0,Swirly,164,0.009751638534824497,False
156,Sprinkled17,Sprinkled,0,252,0,Sprinkled,158,0.010816620038673471,True
156,Sprinkled17,Sprinkled,0,252,0,Swirly,167,0.011553247433548838,False
156,Sprinkled17,Sprinkled,0,252,0,Swirly,161,0.011786846893395767,False
156,Sprinkled17,Sprinkled,0,252,0,Swirly,163,0.011878795754430179,False
156,Sprinkled17,Sprinkled,0,252,0,Swirly,168,0.01197447465708706,False
157,Sprinkled17,Sprinkled,0,288,0,Swirly,167,0.01046161553023595,False
157,Sprinkled17,Sprinkled,0,288,0,Swirly,163,0.010622521196794226,False
157,Sprinkled17,Sprinkled,0,288,0,Swirly,168,0.01079112956817361,False
157,Sprinkled17,Sprinkled,0,288,0,Swirly,161,0.010814007774832633,False
157,Sprinkled17,Sprinkled,0,288,0,Swirly,166,0.010872871405156227,False
158,Sprinkled17,Sprinkled,0,324,0,Swirly,166,0.008965442624861781,False
158,Sprinkled17,Sprinkled,0,324,0,Swirly,161,0.009116158737759294,False
158,Sprinkled17,Sprinkled,0,324,0,Swirly,168,0.009431291059106985,False
158,Sprinkled17,Sprinkled,0,324,0,Swirly,167,0.009569847653303425,False
158,Sprinkled17,Sprinkled,0,324,0,Swirly,164,0.009578204025416003,False
159,Sprinkled17,Sprinkled,0,36,0,Swirly,166,0.008375513610860787,False
159,Sprinkled17,Sprinkled,0,36,0,Swirly,161,0.008379186438366071,False
159,Sprinkled17,Sprinkled,0,36,0,Swirly,168,0.008796779376656978,False
159,Sprinkled17,Sprinkled,0,36,0,Swirly,167,0.00893873991454534,False
159,Sprinkled17,Sprinkled,0,36,0,Swirly,163,0.009069135643005276,False
160,Sprinkled17,Sprinkled,0,72,0,Swirly,167,0.011591627361367776,False
160,Sprinkled17,Sprinkled,0,72,0,Sprinkled,155,0.011705964742648827,True
160,Sprinkled17,Sprinkled,0,72,0,Swirly,161,0.011830972081890278,False
160,Sprinkled17,Sprinkled,0,72,0,Swirly,163,0.011899027782326323,False
160,Sprinkled17,Sprinkled,0,72,0,Swirly,168,0.011913330752477367,False
161,Swirly38,Swirly,0,0,0,Swirly,160,0.0027190246018471147,True
161,Swirly38,Swirly,0,0,0,Swirly,168,0.0028470643918113566,True
161,Swirly38,Swirly,0,0,0,Swirly,166,0.002884812056021528,True
161,Swirly38,Swirly,0,0,0,Swirly,164,0.0029182060477484315,True
161,Swirly38,Swirly,0,0,0,Swirly,161,0.0029723779273696095,True
162,Swirly38,Swirly,0,108,0,Swirly,161,0.0029224936997206755,True
162,Swirly38,Swirly,0,108,0,Swirly,166,0.002926926298120284,True
162,Swirly38,Swirly,0,108,0,Swirly,168,0.003138977832983485,True
162,Swirly38,Swirly,0,108,0,Swirly,163,0.0032235671805920375,True
162,Swirly38,Swirly,0,108,0,Swirly,164,0.0032240316234091056,True
163,Swirly38,Swirly,0,144,0,Swirly,166,0.0029337896936198577,True
163,Swirly38,Swirly,0,144,0,Swirly,161,0.0032795025552590316,True
163,Swirly38,Swirly,0,144,0,Swirly,163,0.00331866176405343,True
163,Swirly38,Swirly,0,144,0,Swirly,167,0.0033380259114135285,True
163,Swirly38,Swirly,0,144,0,Swirly,168,0.0034397069438561268,True
164,Swirly38,Swirly,0,180,0,Swirly,161,0.0024755896737295377,True
164,Swirly38,Swirly,0,180,0,Swirly,166,0.002642562827522461,True
164,Swirly38,Swirly,0,180,0,Swirly,162,0.0026792620252747605,True
164,Swirly38,Swirly,0,180,0,Swirly,168,0.002683096111471244,True
164,Swirly38,Swirly,0,180,0,Swirly,165,0.0027025490604773283,True
165,Swirly38,Swirly,0,216,0,Swirly,166,0.003323484646217456,True
165,Swirly38,Swirly,0,216,0,Swirly,162,0.003328202916728241,True
165,Swirly38,Swirly,0,216,0,Swirly,161,0.003414559582853238,True
165,Swirly38,Swirly,0,216,0,Swirly,167,0.003512285438622754,True
165,Swirly38,Swirly,0,216,0,Swirly,168,0.0035959788025823006,True
166,Swirly38,Swirly,0,252,0,Swirly,162,0.0027124799551977484,True
166,Swirly38,Swirly,0,252,0,Swirly,168,0.002724393734747075,True
166,Swirly38,Swirly,0,252,0,Swirly,161,0.0027680404935125306,True
166,Swirly38,Swirly,0,252,0,Swirly,166,0.0027829679922504865,True
166,Swirly38,Swirly,0,252,0,Swirly,164,0.002915462560132758,True
167,Swirly38,Swirly,0,288,0,Swirly,161,0.003049813518704895,True
167,Swirly38,Swirly,0,288,0,Swirly,166,0.0031071077317127403,True
167,Swirly38,Swirly,0,288,0,Swirly,162,0.0031277319092450043,True
167,Swirly38,Swirly,0,288,0,Swirly,164,0.0033085785259636077,True
167,Swirly38,Swirly,0,288,0,Swirly,168,0.0033437090551113892,True
168,Swirly38,Swirly,0,324,0,Swirly,162,0.0027144397925849776,True
168,Swirly38,Swirly,0,324,0,Swirly,161,0.002856709319499949,True
168,Swirly38,Swirly,0,324,0,Swirly,167,0.0030346724199717,True
168,Swirly38,Swirly,0,324,0,Swirly,164,0.003036948161064845,True
168,Swirly38,Swirly,0,324,0,Swirly,168,0.00304941998568651,True
169,Swirly38,Swirly,0,36,0,Swirly,167,0.0028037212114575627,True
169,Swirly38,Swirly,0,36,0,Swirly,162,0.002820522582936242,True
169,Swirly38,Swirly,0,36,0,Swirly,164,0.0028831454860063143,True
169,Swirly38,Swirly,0,36,0,Swirly,161,0.003007004295794108,True
169,Swirly38,Swirly,0,36,0,Swirly,168,0.0031488164696811386,True
170,Swirly38,Swirly,0,72,0,Swirly,161,0.0028445174561473586,True
170,Swirly38,Swirly,0,72,0,Swirly,165,0.002866414865406959,True
170,Swirly38,Swirly,0,72,0,Swirly,162,0.002871994818086571,True
170,Swirly38,Swirly,0,72,0,Swirly,167,0.002895586714625527,True
170,Swirly38,Swirly,0,72,0,Swirly,166,0.003097070029449934,True
171,Waffled31,Waffled,0,0,0,Matted,105,0.006909807165483901,False
171,Waffled31,Waffled,0,0,0,Matted,109,0.0069138756637651426,False
171,Waffled31,Waffled,0,0,0,Marbled,93,0.007117413042394467,False
171,Waffled31,Waffled,0,0,0,Matted,106,0.007163179163020705,False
171,Waffled31,Waffled,0,0,0,Matted,101,0.007169916574917034,False
172,Waffled31,Waffled,0,108,0,Matted,105,0.0065196935812482934,False
172,Waffled31,Waffled,0,108,0,Matted,109,0.006531189671370865,False
172,Waffled31,Waffled,0,108,0,Matted,106,0.006568689196309558,False
172,Waffled31,Waffled,0,108,0,Matted,101,0.006573255965874131,False
172,Waffled31,Waffled,0,108,0,Matted,108,0.0070042384328755924,False
173,Waffled31,Waffled,0,144,0,Matted,109,0.006635080016885286,False
173,Waffled31,Waffled,0,144,0,Matted,105,0.006648466173523179,False
173,Waffled31,Waffled,0,144,0,Matted,101,0.00665339692369788,False
173,Waffled31,Waffled,0,144,0,Matted,106,0.006657339476614517,False
173,Waffled31,Waffled,0,144,0,Marbled,93,0.007043880939399847,False
174,Waffled31,Waffled,0,180,0,Marbled,93,0.0072977243038991595,False
174,Waffled31,Waffled,0,180,0,Marbled,90,0.007450235144007847,False
174,Waffled31,Waffled,0,180,0,Marbled,96,0.007470426501169043,False
174,Waffled31,Waffled,0,180,0,Matted,109,0.007533302648368101,False
174,Waffled31,Waffled,0,180,0,Matted,105,0.007537598801830969,False
175,Waffled31,Waffled,0,216,0,Matted,105,0.006276973422205429,False
175,Waffled31,Waffled,0,216,0,Matted,109,0.00628242299377134,False
175,Waffled31,Waffled,0,216,0,Matted,106,0.006380454720094922,False
175,Waffled31,Waffled,0,216,0,Matted,101,0.006391780030019015,False
175,Waffled31,Waffled,0,216,0,Matted,108,0.006685628806469848,False
176,Waffled31,Waffled,0,252,0,Marbled,93,0.007036237734577929,False
176,Waffled31,Waffled,0,252,0,Marbled,90,0.0071574988324997575,False
176,Waffled31,Waffled,0,252,0,Marbled,96,0.007244486058313724,False
176,Waffled31,Waffled,0,252,0,Matted,105,0.007350185106366343,False
176,Waffled31,Waffled,0,252,0,Matted,109,0.007351484386893946,False
177,Waffled31,Waffled,0,288,0,Matted,105,0.007079860818958851,False
177,Waffled31,Waffled,0,288,0,Matted,109,0.007094499058991123,False
177,Waffled31,Waffled,0,288,0,Matted,106,0.007224268749570071,False
177,Waffled31,Waffled,0,288,0,Matted,101,0.007225292256542318,False
177,Waffled31,Waffled,0,288,0,Matted,108,0.007542502838862304,False
178,Waffled31,Waffled,0,324,0,Matted,106,0.006693861905958094,False
178,Waffled31,Waffled,0,324,0,Matted,101,0.00670692145563934,False
178,Waffled31,Waffled,0,324,0,Matted,109,0.00673506689317324,False
178,Waffled31,Waffled,0,324,0,Matted,105,0.0067361202090990766,False
178,Waffled31,Waffled,0,324,0,Matted,108,0.007203776913604406,False
179,Waffled31,Waffled,0,36,0,Matted,106,0.007139273738008264,False
179,Waffled31,Waffled,0,36,0,Matted,101,0.007139772295844072,False
179,Waffled31,Waffled,0,36,0,Matted,109,0.007172964006399076,False
179,Waffled31,Waffled,0,36,0,Matted,105,0.0071893636174271865,False
179,Waffled31,Waffled,0,36,0,Matted,108,0.007613661123157527,False
180,Waffled31,Waffled,0,72,0,Matted,109,0.006903220349223273,False
180,Waffled31,Waffled,0,72,0,Matted,105,0.006905767327910373,False
180,Waffled31,Waffled,0,72,0,Marbled,93,0.007066275675969038,False
180,Waffled31,Waffled,0,72,0,Matted,106,0.007170185952006384,False
180,Waffled31,Waffled,0,72,0,Matted,101,0.007201887087543509,False
181,Woven3,Woven,0,0,0,Woven,182,0.0014000656230260414,True
181,Woven3,Woven,0,0,0,Woven,183,0.006721299710386491,True
181,Woven3,Woven,0,0,0,Woven,187,0.006756120783342104,True
181,Woven3,Woven,0,0,0,Woven,181,0.01994177528718419,True
181,Woven3,Woven,0,0,0,Woven,186,0.02006928487572804,True
182,Woven3,Woven,0,108,0,Woven,185,0.001213367873146979,True
182,Woven3,Woven,0,108,0,Woven,184,0.009612555691052432,True
182,Woven3,Woven,0,108,0,Woven,188,0.009703150553043204,True
182,Woven3,Woven,0,108,0,Woven,181,0.016596100024477763,True
182,Woven3,Woven,0,108,0,Woven,186,0.016659599245983772,True
183,Woven3,Woven,0,144,0,Woven,186,0.000979221036623073,True
183,Woven3,Woven,0,144,0,Woven,184,0.008492383905320467,True
183,Woven3,Woven,0,144,0,Woven,188,0.008629686484505506,True
183,Woven3,Woven,0,144,0,Woven,183,0.01299422628383236,True
183,Woven3,Woven,0,144,0,Woven,187,0.013007327706586514,True
184,Woven3,Woven,0,180,0,Woven,180,0.0013119054059571845,True
184,Woven3,Woven,0,180,0,Woven,183,0.00650795208075405,True
184,Woven3,Woven,0,180,0,Woven,187,0.006519956950984693,True
184,Woven3,Woven,0,180,0,Woven,182,0.02010561990922665,True
184,Woven3,Woven,0,180,0,Woven,186,0.020198568521699926,True
185,Woven3,Woven,0,216,0,Woven,187,0.0010054330110043288,True
185,Woven3,Woven,0,216,0,Woven,183,0.007208994148083556,True
185,Woven3,Woven,0,216,0,Woven,180,0.007217172556822293,True
185,Woven3,Woven,0,216,0,Woven,182,0.012073525341235477,True
185,Woven3,Woven,0,216,0,Woven,186,0.012214642881997195,True
186,Woven3,Woven,0,252,0,Woven,188,0.000984232934686081,True
186,Woven3,Woven,0,252,0,Woven,186,0.008809428398383529,True
186,Woven3,Woven,0,252,0,Woven,182,0.008840065711713588,True
186,Woven3,Woven,0,252,0,Woven,181,0.010442500808695753,True
186,Woven3,Woven,0,252,0,Woven,185,0.010577210602222895,True
187,Woven3,Woven,0,288,0,Woven,181,0.0010693761820596622,True
187,Woven3,Woven,0,288,0,Woven,185,0.00922355160632693,True
187,Woven3,Woven,0,288,0,Woven,188,0.009352086331153043,True
187,Woven3,Woven,0,288,0,Woven,182,0.01642491175117525,True
187,Woven3,Woven,0,288,0,Woven,186,0.01645296811159286,True
188,Woven3,Woven,0,324,0,Woven,182,0.0008825116839815289,True
188,Woven3,Woven,0,324,0,Woven,185,0.008527008151479495,True
188,Woven3,Woven,0,324,0,Woven,188,0.008655131625167949,True
188,Woven3,Woven,0,324,0,Woven,184,0.01297360621705415,True
188,Woven3,Woven,0,324,0,Woven,187,0.012979508468386657,True
189,Woven3,Woven,0,36,0,Woven,184,0.0010669918910211362,True
189,Woven3,Woven,0,36,0,Woven,180,0.0071760381021685315,True
189,Woven3,Woven,0,36,0,Woven,183,0.007179538870344244,True
189,Woven3,Woven,0,36,0,Woven,182,0.012246415775855918,True
189,Woven3,Woven,0,36,0,Woven,187,0.01236380560351526,True
190,Woven3,Woven,0,72,0,Woven,185,0.0010935982357428878,True
190,Woven3,Woven,0,72,0,Woven,187,0.008862280896918703,True
190,Woven3,Woven,0,72,0,Woven,182,0.008869051733076797,True
190,Woven3,Woven,0,72,0,Woven,181,0.010679357343060678,True
190,Woven3,Woven,0,72,0,Woven,186,0.010803223667908791,True
191,Wrinkled17,Wrinkled,0,0,0,Scaly,143,0.004703462376399124,False
191,Wrinkled17,Wrinkled,0,0,0,Scaly,145,0.00472143784602898,False
191,Wrinkled17,Wrinkled,0,0,0,Scaly,140,0.004778899300348067,False
191,Wrinkled17,Wrinkled,0,0,0,Scaly,149,0.004833209192057453,False
191,Wrinkled17,Wrinkled,0,0,0,Scaly,146,0.004933336246899374,False
192,Wrinkled17,Wrinkled,0,108,0,Wrinkled,191,0.0045623977324054255,True
192,Wrinkled17,Wrinkled,0,108,0,Wrinkled,196,0.004563206125198295,True
192,Wrinkled17,Wrinkled,0,108,0,Wrinkled,197,0.004570382181219468,True
192,Wrinkled17,Wrinkled,0,108,0,Wrinkled,193,0.004625122270155711,True
192,Wrinkled17,Wrinkled,0,108,0,Wrinkled,195,0.004923640444099001,True
193,Wrinkled17,Wrinkled,0,144,0,Wrinkled,196,0.004367692700778399,True
193,Wrinkled17,Wrinkled,0,144,0,Wrinkled,197,0.004501276692171768,True
193,Wrinkled17,Wrinkled,0,144,0,Wrinkled,193,0.004554979647564671,True
193,Wrinkled17,Wrinkled,0,144,0,Wrinkled,191,0.004979379537338751,True
193,Wrinkled17,Wrinkled,0,144,0,Wrinkled,195,0.005041057263400589,True
194,Wrinkled17,Wrinkled,0,180,0,Wrinkled,196,0.004327953204166707,True
194,Wrinkled17,Wrinkled,0,180,0,Wrinkled,192,0.00434115817261276,True
194,Wrinkled17,Wrinkled,0,180,0,Wrinkled,197,0.004409898403104606,True
194,Wrinkled17,Wrinkled,0,180,0,Wrinkled,193,0.00446032907787274,True
194,Wrinkled17,Wrinkled,0,180,0,Wrinkled,191,0.00471680569133434,True
195,Wrinkled17,Wrinkled,0,216,0,Wrinkled,197,0.004449455902683396,True
195,Wrinkled17,Wrinkled,0,216,0,Wrinkled,192,0.0045359360947303095,True
195,Wrinkled17,Wrinkled,0,216,0,Wrinkled,196,0.004540875463179604,True
195,Wrinkled17,Wrinkled,0,216,0,Wrinkled,191,0.004921703121755133,True
195,Wrinkled17,Wrinkled,0,216,0,Wrinkled,195,0.004973050263309678,True
196,Wrinkled17,Wrinkled,0,252,0,Wrinkled,196,0.004120754663987741,True
196,Wrinkled17,Wrinkled,0,252,0,Wrinkled,192,0.004131973224307396,True
196,Wrinkled17,Wrinkled,0,252,0,Wrinkled,197,0.004247593982207847,True
196,Wrinkled17,Wrinkled,0,252,0,Wrinkled,194,0.004296793326252802,True
196,Wrinkled17,Wrinkled,0,252,0,Wrinkled,191,0.004639551026244984,True
197,Wrinkled17,Wrinkled,0,288,0,Wrinkled,196,0.004455884673748761,True
197,Wrinkled17,Wrinkled,0,288,0,Wrinkled,192,0.004460077999709581,True
197,Wrinkled17,Wrinkled,0,288,0,Wrinkled,197,0.004542265814327388,True
197,Wrinkled17,Wrinkled,0,288,0,Wrinkled,194,0.004589814769292126,True
197,Wrinkled17,Wrinkled,0,288,0,Wrinkled,191,0.004758088491050711,True
198,Wrinkled17,Wrinkled,0,324,0,Wrinkled,192,0.004728728759575454,True
198,Wrinkled17,Wrinkled,0,324,0,Wrinkled,197,0.004846126455156492,True
198,Wrinkled17,Wrinkled,0,324,0,Wrinkled,194,0.0048906491142106925,True
198,Wrinkled17,Wrinkled,0,324,0,Wrinkled,191,0.005320655784614461,True
198,Wrinkled17,Wrinkled,0,324,0,Wrinkled,196,0.005364935513745183,True
199,Wrinkled17,Wrinkled,0,36,0,Wrinkled,197,0.004672039050337476,True
199,Wrinkled17,Wrinkled,0,36,0,Wrinkled,192,0.0046905838874202145,True
199,Wrinkled17,Wrinkled,0,36,0,Wrinkled,194,0.004836075313182745,True
199,Wrinkled17,Wrinkled,0,36,0,Wrinkled,191,0.005242236643062271,True
199,Wrinkled17,Wrinkled,0,36,0,Wrinkled,196,0.005318192793225899,True
200,Wrinkled17,Wrinkled,0,72,0,Wrinkled,192,0.003814195659683034,True
200,Wrinkled17,Wrinkled,0,72,0,Wrinkled,197,0.003821980483091277,True
200,Wrinkled17,Wrinkled,0,72,0,Wrinkled,198,0.0039087095469477005,True
200,Wrinkled17,Wrinkled,0,72,0,Wrinkled,194,0.003961221000804788,True
200,Wrinkled17,Wrinkled,0,72,0,Wrinkled,191,0.004315562806025958,True
201,Zigzagged28,Zigzagged,0,0,0,Zigzagged,202,0.005427761307864754,True
201,Zigzagged28,Zigzagged,0,0,0,Zigzagged,203,0.0071761867820220706,True
201,Zigzagged28,Zigzagged,0,0,0,Zigzagged,207,0.007222741168953086,True
201,Zigzagged28,Zigzagged,0,0,0,Zigzagged,206,0.012548139262378296,True
201,Zigzagged28,Zigzagged,0,0,0,Zigzagged,201,0.012655824456245567,True
202,Zigzagged28,Zigzagged,0,108,0,Zigzagged,205,0.0054181155949290915,True
202,Zigzagged28,Zigzagged,0,108,0,Zigzagged,208,0.00795233677657265,True
202,Zigzagged28,Zigzagged,0,108,0,Zigzagged,204,0.008099308255304399,True
202,Zigzagged28,Zigzagged,0,108,0,Zigzagged,206,0.012608389440944598,True
202,Zigzagged28,Zigzagged,0,108,0,Zigzagged,201,0.012662001530533377,True
203,Zigzagged28,Zigzagged,0,144,0,Zigzagged,206,0.005571595938666328,True
203,Zigzagged28,Zigzagged,0,144,0,Zigzagged,208,0.007398353530237461,True
203,Zigzagged28,Zigzagged,0,144,0,Zigzagged,204,0.007548834300745889,True
203,Zigzagged28,Zigzagged,0,144,0,Zigzagged,205,0.010043108349717795,True
203,Zigzagged28,Zigzagged,0,144,0,Zigzagged,201,0.010087284138257182,True
204,Zigzagged28,Zigzagged,0,180,0,Zigzagged,200,0.005407204530341302,True
204,Zigzagged28,Zigzagged,0,180,0,Zigzagged,203,0.007020122347236641,True
204,Zigzagged28,Zigzagged,0,180,0,Zigzagged,207,0.00705683054038515,True
204,Zigzagged28,Zigzagged,0,180,0,Zigzagged,206,0.012383046252558242,True
204,Zigzagged28,Zigzagged,0,180,0,Zigzagged,202,0.012481933470591455,True
205,Zigzagged28,Zigzagged,0,216,0,Zigzagged,207,0.004994399404404562,True
205,Zigzagged28,Zigzagged,0,216,0,Zigzagged,203,0.0058707434289460795,True
205,Zigzagged28,Zigzagged,0,216,0,Zigzagged,200,0.006000682600966768,True
205,Zigzagged28,Zigzagged,0,216,0,Zigzagged,206,0.010293605751806838,True
205,Zigzagged28,Zigzagged,0,216,0,Zigzagged,202,0.010366764830892512,True
206,Zigzagged28,Zigzagged,0,252,0,Zigzagged,208,0.005031552537141588,True
206,Zigzagged28,Zigzagged,0,252,0,Zigzagged,205,0.006584141245484024,True
206,Zigzagged28,Zigzagged,0,252,0,Zigzagged,201,0.0066019664051570875,True
206,Zigzagged28,Zigzagged,0,252,0,Zigzagged,202,0.008838797942336756,True
206,Zigzagged28,Zigzagged,0,252,0,Zigzagged,206,0.008843919639415504,True
207,Zigzagged28,Zigzagged,0,288,0,Zigzagged,201,0.005545196868206032,True
207,Zigzagged28,Zigzagged,0,288,0,Zigzagged,208,0.007961441688559792,True
207,Zigzagged28,Zigzagged,0,288,0,Zigzagged,205,0.008131205900462086,True
207,Zigzagged28,Zigzagged,0,288,0,Zigzagged,206,0.012794594413690772,True
207,Zigzagged28,Zigzagged,0,288,0,Zigzagged,202,0.012849691833160934,True
208,Zigzagged28,Zigzagged,0,324,0,Zigzagged,202,0.005803015989736804,True
208,Zigzagged28,Zigzagged,0,324,0,Zigzagged,208,0.007843601076287118,True
208,Zigzagged28,Zigzagged,0,324,0,Zigzagged,205,0.007996606912794944,True
208,Zigzagged28,Zigzagged,0,324,0,Zigzagged,206,0.01045338817715306,True
208,Zigzagged28,Zigzagged,0,324,0,Zigzagged,201,0.010488747763221375,True
209,Zigzagged28,Zigzagged,0,36,0,Zigzagged,204,0.005066577889847396,True
209,Zigzagged28,Zigzagged,0,36,0,Zigzagged,203,0.005779998973155416,True
209,Zigzagged28,Zigzagged,0,36,0,Zigzagged,200,0.005923810985791559,True
209,Zigzagged28,Zigzagged,0,36,0,Zigzagged,207,0.010462017938667016,True
209,Zigzagged28,Zigzagged,0,36,0,Zigzagged,202,0.010519660719027008,True
210,Zigzagged28,Zigzagged,0,72,0,Zigzagged,205,0.0054181297876553,True
210,Zigzagged28,Zigzagged,0,72,0,Zigzagged,206,0.0067469158705624815,True
210,Zigzagged28,Zigzagged,0,72,0,Zigzagged,201,0.0067777881796288195,True
210,Zigzagged28,Zigzagged,0,72,0,Zigzagged,207,0.00894684428937759,True
210,Zigzagged28,Zigzagged,0,72,0,Zigzagged,202,0.008998959323072356,True
